{
  "welcomeFile": "/index.html",
  "authenticationMethod": "route",
  "routes": [
   
    {
      "source": "^/YGTPT_LINE_LABOUR_STN_SRV/V2/(.*)$",
      "target": "/YGTPT_LINE_LABOUR_STN_SRV/V2/$1",
      "authenticationType": "xsuaa",
      "destination": "GLB_TP_APIM",
      "csrfProtection": false
    },
    {
      "source": "^/odata/v4/data-services/(.*)$",
      "target": "/odata/v4/data-services/$1",
      "authenticationType": "none",
      "destination": "GLB_HCP_PGDB"
    },
 
    {
      "source": "^/resources/(.*)$",
      "target": "/resources/$1",
      "authenticationType": "none",
      "destination": "ui5"
    },
    {
      "source": "^/test-resources/(.*)$",
      "target": "/test-resources/$1",
      "authenticationType": "none",
      "destination": "ui5"
    },
    {
      "source": "^(.*)$",
      "target": "$1",
      "service": "html5-apps-repo-rt",
      "authenticationType": "xsuaa"
    }
  ]
}